Date,Open,High,Low,Close,Volume
2022-04-11 09:15:00,791.95,792.75,791.0,792.75,41203
2022-04-11 09:16:00,793.3,793.45,792.55,793.2,60981
2022-04-11 09:17:00,793.45,793.55,792.6,792.6,68807
2022-04-11 09:18:00,792.95,792.95,791.7,791.7,87460
2022-04-11 09:19:00,791.55,792.9,791.05,792.45,103365
2022-04-11 09:20:00,793.3,793.4,792.55,793.0,112910
2022-04-11 09:21:00,793.0,794.1,792.6,793.0,130149
2022-04-11 09:22:00,793.15,793.2,792.35,792.9,134147
2022-04-11 09:23:00,793.0,793.35,792.5,793.0,138193
2022-04-11 09:24:00,793.0,793.15,791.6,791.6,149880
2022-04-11 09:25:00,792.05,792.25,791.5,791.95,153388
2022-04-11 09:26:00,791.65,792.5,791.65,792.0,160142
2022-04-11 09:27:00,792.5,792.5,792.0,792.0,166107
2022-04-11 09:28:00,792.0,793.8,792.0,793.8,172774
2022-04-11 09:29:00,793.65,793.8,793.0,793.0,176716
2022-04-11 09:30:00,793.45,793.45,792.9,793.4,180254
2022-04-11 09:31:00,793.4,793.75,793.2,793.75,183196
2022-04-11 09:32:00,794.45,797.3,794.35,797.3,214485
2022-04-11 09:33:00,796.75,796.75,795.0,795.55,223623
2022-04-11 09:34:00,795.7,795.7,794.7,794.7,234010
2022-04-11 09:35:00,795.0,795.8,794.75,795.8,239724
2022-04-11 09:36:00,795.8,795.95,795.05,795.95,242905
2022-04-11 09:37:00,795.65,796.0,795.15,795.4,249864
2022-04-11 09:38:00,795.15,795.45,795.0,795.45,251908
2022-04-11 09:39:00,795.35,796.0,794.3,795.5,280439
2022-04-11 09:40:00,794.5,795.35,794.1,794.1,290972
2022-04-11 09:41:00,794.1,794.35,793.05,793.15,296844
2022-04-11 09:42:00,793.15,793.6,793.1,793.5,299437
2022-04-11 09:43:00,793.15,793.55,793.0,793.25,303389
2022-04-11 09:44:00,793.2,793.5,792.65,792.65,308398
2022-04-11 09:45:00,792.65,793.3,792.65,792.9,312369
2022-04-11 09:46:00,792.6,792.85,792.4,792.85,316874
2022-04-11 09:47:00,792.8,792.9,792.45,792.5,320167
2022-04-11 09:48:00,792.2,792.55,792.0,792.55,326175
2022-04-11 09:49:00,792.0,792.4,791.55,792.0,332576
2022-04-11 09:50:00,792.0,793.3,792.0,793.05,341153
2022-04-11 09:51:00,793.05,793.2,792.5,793.15,345168
2022-04-11 09:52:00,793.15,793.85,793.0,793.85,351911
2022-04-11 09:53:00,793.85,794.0,793.3,793.35,358025
2022-04-11 09:54:00,792.5,792.5,791.8,792.25,368890
2022-04-11 09:55:00,791.8,792.75,791.8,792.75,371145
2022-04-11 09:56:00,792.55,793.0,792.55,793.0,373091
2022-04-11 09:57:00,792.5,792.95,792.5,792.95,376701
2022-04-11 09:58:00,792.8,793.4,792.8,792.85,379124
2022-04-11 09:59:00,793.3,793.3,792.9,793.1,382306
2022-04-11 10:00:00,793.35,793.35,792.5,792.6,385571
2022-04-11 10:01:00,792.95,792.95,792.5,792.95,386612
2022-04-11 10:02:00,792.5,793.0,792.1,792.1,390499
2022-04-11 10:03:00,792.15,792.5,791.9,792.2,393714
2022-04-11 10:04:00,792.2,792.45,791.85,792.45,396896
2022-04-11 10:05:00,792.0,792.45,792.0,792.2,397505
2022-04-11 10:06:00,792.45,792.9,792.2,792.5,398979
2022-04-11 10:07:00,792.85,793.2,792.55,793.2,402347
2022-04-11 10:08:00,793.0,793.2,793.0,793.2,403887
2022-04-11 10:09:00,793.0,793.2,792.85,792.85,405615
2022-04-11 10:10:00,793.0,793.75,793.0,793.3,409201
2022-04-11 10:11:00,793.5,793.6,793.3,793.5,410424
2022-04-11 10:12:00,793.5,794.2,793.5,794.2,415176
2022-04-11 10:13:00,794.2,794.45,793.55,794.25,418620
2022-04-11 10:14:00,794.1,794.25,793.75,793.75,420551
2022-04-11 10:15:00,793.8,794.85,793.8,794.7,424848
2022-04-11 10:16:00,794.65,794.75,794.3,794.7,426513
2022-04-11 10:17:00,794.7,794.85,794.5,794.8,429593
2022-04-11 10:18:00,794.8,794.95,794.45,794.7,432602
2022-04-11 10:19:00,794.8,794.8,794.7,794.7,434644
2022-04-11 10:20:00,794.7,794.8,794.55,794.75,435961
2022-04-11 10:21:00,794.75,795.25,794.0,794.7,465113
2022-04-11 10:22:00,794.8,794.8,794.2,794.3,470920
2022-04-11 10:23:00,794.8,795.0,793.55,794.75,485452
2022-04-11 10:24:00,794.85,794.95,794.25,794.55,487731
2022-04-11 10:25:00,795.0,795.0,794.5,794.55,489695
2022-04-11 10:26:00,794.5,794.8,794.15,794.7,491868
2022-04-11 10:27:00,794.8,795.0,794.6,794.7,494091
2022-04-11 10:28:00,795.0,795.0,794.8,794.9,495848
2022-04-11 10:29:00,794.9,795.4,794.9,795.35,500173
2022-04-11 10:30:00,795.35,795.35,794.3,794.5,502416
2022-04-11 10:31:00,794.5,794.5,793.7,794.15,506232
2022-04-11 10:32:00,793.75,794.15,793.7,794.1,508942
2022-04-11 10:33:00,794.2,794.5,794.1,794.5,510176
2022-04-11 10:34:00,794.55,794.8,794.1,794.1,513158
2022-04-11 10:35:00,794.3,794.75,793.8,794.75,515378
2022-04-11 10:36:00,794.65,794.8,794.1,794.8,516151
2022-04-11 10:37:00,794.8,795.0,794.0,794.0,519905
2022-04-11 10:38:00,794.5,794.55,793.9,793.95,522045
2022-04-11 10:39:00,793.95,794.5,793.85,794.45,522981
2022-04-11 10:40:00,794.45,794.45,793.5,793.85,525440
2022-04-11 10:41:00,793.85,793.95,793.2,793.5,529364
2022-04-11 10:42:00,793.5,794.05,793.25,793.75,532267
2022-04-11 10:43:00,793.75,793.95,793.3,793.3,533208
2022-04-11 10:44:00,793.2,793.8,793.2,793.5,534277
2022-04-11 10:45:00,793.8,793.8,792.6,792.6,539240
2022-04-11 10:46:00,792.95,793.8,792.95,793.65,541327
2022-04-11 10:47:00,793.65,794.45,793.55,793.75,543977
2022-04-11 10:48:00,793.75,794.1,793.55,794.0,544749
2022-04-11 10:49:00,794.0,794.0,793.5,793.8,545592
2022-04-11 10:50:00,793.8,793.9,793.5,793.8,546675
2022-04-11 10:51:00,793.5,794.15,793.5,793.85,547792
2022-04-11 10:52:00,793.55,794.0,793.5,794.0,549094
2022-04-11 10:53:00,794.0,794.0,793.2,793.2,549883
2022-04-11 10:54:00,793.2,793.25,793.0,793.25,550692
2022-04-11 10:55:00,793.3,793.7,793.0,793.45,553946
2022-04-11 10:56:00,793.45,793.45,792.55,792.55,555994
2022-04-11 10:57:00,793.0,793.0,792.5,792.5,560091
2022-04-11 10:58:00,792.55,792.9,792.15,792.7,568803
2022-04-11 10:59:00,792.7,792.9,792.1,792.3,575317
2022-04-11 11:00:00,792.3,792.6,792.3,792.4,576683
2022-04-11 11:01:00,792.4,792.9,792.35,792.6,578559
2022-04-11 11:02:00,792.6,792.6,792.0,792.15,581470
2022-04-11 11:03:00,792.25,792.3,791.8,792.0,583024
2022-04-11 11:04:00,792.0,792.0,791.2,791.9,587494
2022-04-11 11:05:00,791.9,791.95,791.4,791.95,592713
2022-04-11 11:06:00,791.55,792.15,791.55,792.1,596280
2022-04-11 11:07:00,792.0,792.0,791.7,792.0,597786
2022-04-11 11:08:00,792.0,792.35,791.8,792.35,600607
2022-04-11 11:09:00,792.0,792.25,791.9,791.9,601870
2022-04-11 11:10:00,792.0,792.45,791.9,792.3,602836
2022-04-11 11:11:00,792.4,792.6,792.2,792.55,603723
2022-04-11 11:12:00,792.5,792.9,792.35,792.5,606694
2022-04-11 11:13:00,792.4,792.65,792.05,792.05,608091
2022-04-11 11:14:00,792.0,792.35,791.5,792.0,612235
2022-04-11 11:15:00,791.65,792.0,791.6,792.0,613047
2022-04-11 11:16:00,792.25,792.65,792.25,792.65,613962
2022-04-11 11:17:00,792.65,792.85,792.55,792.8,614948
2022-04-11 11:18:00,792.8,793.0,792.6,792.95,615698
2022-04-11 11:19:00,793.0,793.0,792.75,792.95,616364
2022-04-11 11:20:00,792.95,793.0,792.75,793.0,617569
2022-04-11 11:21:00,793.0,793.0,792.8,792.8,619043
2022-04-11 11:22:00,792.7,793.0,792.35,792.8,620679
2022-04-11 11:23:00,792.8,793.0,792.7,792.7,621906
2022-04-11 11:24:00,792.8,793.0,792.3,792.85,624130
2022-04-11 11:25:00,792.55,793.0,792.55,793.0,624715
2022-04-11 11:26:00,792.85,793.25,792.75,793.2,628003
2022-04-11 11:27:00,793.25,793.45,792.9,792.9,630485
2022-04-11 11:28:00,792.0,792.5,792.0,792.45,634070
2022-04-11 11:29:00,792.4,792.5,792.2,792.5,634377
2022-04-11 11:30:00,792.5,792.75,792.2,792.7,634915
2022-04-11 11:31:00,792.7,792.7,792.4,792.5,635304
2022-04-11 11:32:00,792.5,793.3,792.45,793.1,637237
2022-04-11 11:33:00,793.2,793.45,793.0,793.0,638322
2022-04-11 11:34:00,792.6,793.0,792.6,792.9,639622
2022-04-11 11:35:00,792.95,793.45,792.85,793.25,640724
2022-04-11 11:36:00,793.4,793.5,793.05,793.3,642478
2022-04-11 11:37:00,793.3,793.4,792.95,793.4,644070
2022-04-11 11:38:00,793.35,794.1,793.1,794.1,650115
2022-04-11 11:39:00,794.1,794.45,794.1,794.15,653641
2022-04-11 11:40:00,794.25,794.8,794.15,794.8,656558
2022-04-11 11:41:00,794.85,795.1,794.2,794.5,669861
2022-04-11 11:42:00,794.5,794.85,794.3,794.85,671010
2022-04-11 11:43:00,794.6,794.9,794.6,794.9,671946
2022-04-11 11:44:00,794.9,794.9,794.6,794.75,675371
2022-04-11 11:45:00,794.75,794.85,794.25,794.25,677637
2022-04-11 11:46:00,794.35,794.7,794.1,794.45,678857
2022-04-11 11:47:00,794.45,794.9,794.25,794.55,680032
2022-04-11 11:48:00,794.9,796.4,794.65,796.0,694292
2022-04-11 11:49:00,796.0,796.3,796.0,796.2,703456
2022-04-11 11:50:00,796.2,796.2,795.45,795.45,705993
2022-04-11 11:51:00,795.8,795.85,795.35,795.5,708541
2022-04-11 11:52:00,795.5,795.7,795.35,795.6,709188
2022-04-11 11:53:00,795.75,795.9,795.7,795.9,710872
2022-04-11 11:54:00,795.9,796.6,795.9,796.15,720834
2022-04-11 11:55:00,796.15,796.3,796.1,796.2,722925
2022-04-11 11:56:00,796.15,796.25,796.05,796.1,726249
2022-04-11 11:57:00,796.05,796.15,796.0,796.0,728756
2022-04-11 11:58:00,796.0,796.15,796.0,796.0,730163
2022-04-11 11:59:00,796.0,796.15,796.0,796.0,731748
2022-04-11 12:00:00,796.15,796.4,796.0,796.25,738293
2022-04-11 12:01:00,796.4,796.4,796.15,796.25,739833
2022-04-11 12:02:00,796.25,796.35,795.2,795.6,750869
2022-04-11 12:03:00,796.0,796.0,795.6,795.75,755923
2022-04-11 12:04:00,795.75,796.1,795.55,796.1,759551
2022-04-11 12:05:00,796.1,796.4,795.75,795.9,763651
2022-04-11 12:06:00,795.9,798.35,795.9,797.9,794970
2022-04-11 12:07:00,797.35,797.45,797.0,797.3,798993
2022-04-11 12:08:00,797.35,797.85,797.3,797.8,802212
2022-04-11 12:09:00,797.85,798.0,797.6,798.0,808518
2022-04-11 12:10:00,798.0,798.0,797.15,797.45,813146
2022-04-11 12:11:00,797.45,797.45,797.15,797.4,815575
2022-04-11 12:12:00,797.2,797.45,797.05,797.05,822036
2022-04-11 12:13:00,797.0,797.0,796.2,796.85,825058
2022-04-11 12:14:00,796.85,797.05,796.4,797.0,827053
2022-04-11 12:15:00,797.0,797.8,796.9,797.4,835149
2022-04-11 12:16:00,797.65,797.7,797.4,797.4,837576
2022-04-11 12:17:00,797.4,797.65,797.35,797.4,840189
2022-04-11 12:18:00,797.4,797.9,797.4,797.7,846479
2022-04-11 12:19:00,797.7,797.9,797.65,797.7,847987
2022-04-11 12:20:00,797.7,797.7,797.25,797.4,852414
2022-04-11 12:21:00,797.4,797.4,796.95,797.05,854683
2022-04-11 12:22:00,797.05,797.3,796.9,796.95,856092
2022-04-11 12:23:00,797.0,797.25,796.85,796.85,859986
2022-04-11 12:24:00,796.85,796.95,796.6,796.6,861531
2022-04-11 12:25:00,796.6,796.9,796.5,796.75,864461
2022-04-11 12:26:00,796.75,796.75,795.8,795.8,869755
2022-04-11 12:27:00,795.85,796.4,795.55,796.35,870780
2022-04-11 12:28:00,796.35,796.7,796.35,796.55,873010
2022-04-11 12:29:00,796.55,796.55,796.4,796.4,874643
2022-04-11 12:30:00,796.35,796.6,796.15,796.3,876691
2022-04-11 12:31:00,796.3,796.45,795.55,795.6,879038
2022-04-11 12:32:00,795.6,795.95,795.3,795.3,882389
2022-04-11 12:33:00,795.3,795.6,795.05,795.1,884918
2022-04-11 12:34:00,795.1,795.5,795.1,795.35,885779
2022-04-11 12:35:00,795.35,795.9,795.2,795.5,891541
2022-04-11 12:36:00,795.5,796.25,795.5,796.2,893769
2022-04-11 12:37:00,796.2,796.2,796.0,796.0,894458
2022-04-11 12:38:00,796.0,796.6,796.0,796.3,896061
2022-04-11 12:39:00,796.6,796.85,796.25,796.7,898367
2022-04-11 12:40:00,796.7,797.0,796.35,797.0,904005
2022-04-11 12:41:00,797.2,797.2,796.95,797.1,905813
2022-04-11 12:42:00,797.0,797.25,797.0,797.25,910199
2022-04-11 12:43:00,797.2,797.5,797.15,797.25,912940
2022-04-11 12:44:00,797.2,797.95,797.2,797.95,916598
2022-04-11 12:45:00,797.85,798.0,797.6,797.75,921055
2022-04-11 12:46:00,797.95,798.0,797.7,797.9,925013
2022-04-11 12:47:00,797.85,797.95,797.8,797.8,926390
2022-04-11 12:48:00,797.8,797.9,797.8,797.85,928291
2022-04-11 12:49:00,797.9,797.95,797.8,797.9,930055
2022-04-11 12:50:00,797.9,797.95,797.8,797.8,933908
2022-04-11 12:51:00,797.8,799.8,797.8,799.8,962812
2022-04-11 12:52:00,799.7,802.25,799.7,801.7,1027766
2022-04-11 12:53:00,801.7,804.4,801.7,803.85,1067246
2022-04-11 12:54:00,803.95,804.05,803.05,803.45,1088146
2022-04-11 12:55:00,803.0,803.0,801.3,801.7,1102395
2022-04-11 12:56:00,801.7,804.6,801.6,804.5,1127217
2022-04-11 12:57:00,804.5,806.75,804.2,805.15,1182001
2022-04-11 12:58:00,805.15,807.0,805.15,805.65,1207068
2022-04-11 12:59:00,806.0,807.7,805.7,807.7,1244055
2022-04-11 13:00:00,807.75,809.0,807.45,807.6,1295167
2022-04-11 13:01:00,807.8,808.5,806.35,806.9,1311685
2022-04-11 13:02:00,806.95,807.05,805.4,805.6,1328030
2022-04-11 13:03:00,805.65,806.0,804.4,804.7,1347032
2022-04-11 13:04:00,804.75,806.9,804.5,806.4,1388714
2022-04-11 13:05:00,806.1,807.0,806.0,806.5,1408878
2022-04-11 13:06:00,806.45,806.75,805.35,806.0,1424137
2022-04-11 13:07:00,805.45,806.0,805.2,805.75,1430780
2022-04-11 13:08:00,805.65,806.0,805.05,805.05,1436947
2022-04-11 13:09:00,805.0,805.95,805.0,805.1,1446531
2022-04-11 13:10:00,805.1,806.15,805.1,806.1,1454389
2022-04-11 13:11:00,806.1,806.1,805.55,806.0,1463722
2022-04-11 13:12:00,806.0,806.1,805.6,805.95,1467713
2022-04-11 13:13:00,805.6,806.4,805.3,806.4,1474907
2022-04-11 13:14:00,806.4,808.0,806.0,807.8,1493450
2022-04-11 13:15:00,807.7,807.9,806.4,806.95,1505695
2022-04-11 13:16:00,806.95,807.0,806.35,806.75,1511851
2022-04-11 13:17:00,806.75,807.5,806.4,807.45,1522105
2022-04-11 13:18:00,807.15,808.0,807.05,807.7,1536089
2022-04-11 13:19:00,807.7,808.0,806.4,806.6,1545903
2022-04-11 13:20:00,807.0,807.0,806.1,806.15,1550302
2022-04-11 13:21:00,806.1,806.8,806.1,806.25,1560814
2022-04-11 13:22:00,806.45,806.95,806.0,806.95,1567146
2022-04-11 13:23:00,806.95,806.95,806.1,806.25,1570435
2022-04-11 13:24:00,806.2,806.75,805.5,805.8,1598294
2022-04-11 13:25:00,805.5,806.0,805.5,805.95,1602498
2022-04-11 13:26:00,805.95,806.0,805.85,805.95,1605422
2022-04-11 13:27:00,805.85,806.0,805.75,805.8,1616429
2022-04-11 13:28:00,805.8,805.8,804.35,805.35,1630659
2022-04-11 13:29:00,805.35,805.35,804.9,805.0,1633027
2022-04-11 13:30:00,804.9,805.3,804.9,805.0,1637289
2022-04-11 13:31:00,805.2,805.95,805.0,805.8,1641030
2022-04-11 13:32:00,805.75,806.0,805.0,805.0,1644931
2022-04-11 13:33:00,805.45,805.85,805.15,805.85,1651542
2022-04-11 13:34:00,805.75,805.8,805.05,805.3,1655878
2022-04-11 13:35:00,805.6,805.6,805.05,805.45,1656802
2022-04-11 13:36:00,805.5,805.6,805.15,805.15,1658264
2022-04-11 13:37:00,805.25,805.5,805.05,805.25,1660939
2022-04-11 13:38:00,805.5,805.5,805.05,805.25,1664078
2022-04-11 13:39:00,805.25,805.25,805.05,805.1,1667351
2022-04-11 13:40:00,805.1,805.45,805.0,805.25,1669778
2022-04-11 13:41:00,805.5,805.5,805.0,805.1,1674639
2022-04-11 13:42:00,805.05,805.1,804.6,804.65,1688957
2022-04-11 13:43:00,804.65,804.7,803.55,803.55,1697016
2022-04-11 13:44:00,803.85,804.0,803.4,803.7,1702812
2022-04-11 13:45:00,804.0,804.0,803.5,803.6,1706135
2022-04-11 13:46:00,803.6,803.95,803.45,803.6,1710053
2022-04-11 13:47:00,803.6,803.9,802.3,802.3,1715487
2022-04-11 13:48:00,802.95,803.0,802.3,803.0,1721609
2022-04-11 13:49:00,802.65,803.0,802.5,802.5,1726304
2022-04-11 13:50:00,802.8,802.8,801.5,802.0,1740633
2022-04-11 13:51:00,802.0,803.95,801.65,803.95,1751180
2022-04-11 13:52:00,803.2,805.0,803.2,804.95,1756741
2022-04-11 13:53:00,805.5,806.4,805.5,806.05,1774113
2022-04-11 13:54:00,806.05,806.15,805.05,805.4,1778306
2022-04-11 13:55:00,805.4,805.4,804.5,804.6,1781301
2022-04-11 13:56:00,804.6,805.35,804.6,804.6,1796428
2022-04-11 13:57:00,804.7,805.0,804.5,804.5,1799723
2022-04-11 13:58:00,804.5,804.9,803.5,804.0,1801174
2022-04-11 13:59:00,803.7,804.0,803.3,803.9,1804973
2022-04-11 14:00:00,803.9,803.9,803.0,803.0,1807707
2022-04-11 14:01:00,803.4,803.4,802.15,802.7,1820355
2022-04-11 14:02:00,802.7,803.7,802.25,803.55,1825096
2022-04-11 14:03:00,803.55,803.65,803.0,803.35,1826904
2022-04-11 14:04:00,803.35,803.55,803.0,803.3,1828486
2022-04-11 14:05:00,803.25,803.8,803.25,803.5,1830017
2022-04-11 14:06:00,803.5,803.6,803.3,803.3,1832691
2022-04-11 14:07:00,803.3,804.15,803.3,804.0,1836672
2022-04-11 14:08:00,804.0,804.0,803.6,804.0,1837265
2022-04-11 14:09:00,803.65,804.15,803.5,804.0,1838480
2022-04-11 14:10:00,804.0,804.2,804.0,804.0,1839126
2022-04-11 14:11:00,804.15,806.0,803.9,805.5,1863517
2022-04-11 14:12:00,805.95,806.65,805.5,806.65,1882647
2022-04-11 14:13:00,806.7,806.9,806.0,806.0,1892747
2022-04-11 14:14:00,805.9,806.45,805.6,806.25,1900025
2022-04-11 14:15:00,806.0,806.1,805.05,805.4,1906802
2022-04-11 14:16:00,805.4,806.0,805.35,805.95,1913013
2022-04-11 14:17:00,805.5,805.95,805.15,805.5,1915401
2022-04-11 14:18:00,805.5,805.7,805.05,805.05,1917484
2022-04-11 14:19:00,805.05,806.0,805.05,805.6,1921976
2022-04-11 14:20:00,805.6,805.7,805.0,805.45,1927240
2022-04-11 14:21:00,805.4,805.5,804.9,805.0,1930443
2022-04-11 14:22:00,804.9,805.55,804.75,805.35,1934095
2022-04-11 14:23:00,805.3,805.65,805.0,805.05,1936759
2022-04-11 14:24:00,805.35,805.5,805.1,805.35,1938304
2022-04-11 14:25:00,805.6,805.9,805.05,805.8,1942950
2022-04-11 14:26:00,805.5,805.5,805.0,805.25,1944538
2022-04-11 14:27:00,805.6,806.4,805.2,806.4,1967931
2022-04-11 14:28:00,806.1,807.5,806.1,807.0,1983450
2022-04-11 14:29:00,807.2,807.2,806.1,806.5,1998503
2022-04-11 14:30:00,806.5,807.0,806.2,807.0,2002978
2022-04-11 14:31:00,807.0,807.0,806.3,806.6,2009809
2022-04-11 14:32:00,806.6,807.65,806.1,807.0,2039506
2022-04-11 14:33:00,806.6,807.0,805.6,806.0,2046928
2022-04-11 14:34:00,806.0,806.7,805.65,806.25,2051421
2022-04-11 14:35:00,806.25,806.55,806.0,806.35,2053715
2022-04-11 14:36:00,806.3,806.3,805.5,805.9,2056318
2022-04-11 14:37:00,805.9,806.35,805.55,806.3,2062504
2022-04-11 14:38:00,805.9,806.5,805.6,805.75,2068538
2022-04-11 14:39:00,805.75,806.15,805.5,805.95,2071439
2022-04-11 14:40:00,806.0,806.0,805.65,805.65,2073107
2022-04-11 14:41:00,805.6,805.85,805.5,805.7,2075788
2022-04-11 14:42:00,805.8,806.1,805.5,805.6,2080284
2022-04-11 14:43:00,805.5,805.95,805.05,805.35,2085820
2022-04-11 14:44:00,805.25,805.25,804.5,804.6,2099139
2022-04-11 14:45:00,804.05,804.9,804.05,804.2,2109802
2022-04-11 14:46:00,803.95,804.3,803.5,803.65,2118495
2022-04-11 14:47:00,803.9,803.9,803.5,803.5,2127106
2022-04-11 14:48:00,803.55,803.8,803.5,803.8,2135095
2022-04-11 14:49:00,803.8,804.0,803.5,803.7,2140033
2022-04-11 14:50:00,803.7,804.25,803.5,804.25,2142321
2022-04-11 14:51:00,804.0,804.35,803.9,804.35,2144752
2022-04-11 14:52:00,804.45,804.95,804.1,804.7,2147842
2022-04-11 14:53:00,804.85,804.85,804.05,804.45,2151533
2022-04-11 14:54:00,804.15,804.4,804.0,804.0,2156105
2022-04-11 14:55:00,804.1,804.35,803.6,804.1,2159298
2022-04-11 14:56:00,804.1,804.1,803.55,803.95,2160672
2022-04-11 14:57:00,803.55,803.95,802.7,802.7,2170285
2022-04-11 14:58:00,803.05,803.05,802.15,802.2,2176882
2022-04-11 14:59:00,802.05,802.65,802.05,802.65,2180360
2022-04-11 15:00:00,802.85,802.85,802.2,802.2,2184420
2022-04-11 15:01:00,802.2,802.45,800.6,800.6,2201529
2022-04-11 15:02:00,800.8,801.15,800.1,800.2,2235318
2022-04-11 15:03:00,800.15,801.7,800.15,801.45,2245257
2022-04-11 15:04:00,801.7,802.5,801.7,802.1,2252693
2022-04-11 15:05:00,802.85,802.85,801.75,802.45,2257489
2022-04-11 15:06:00,802.1,802.75,802.05,802.1,2261254
2022-04-11 15:07:00,802.5,802.65,801.45,801.85,2267076
2022-04-11 15:08:00,801.9,802.35,801.7,801.75,2272905
2022-04-11 15:09:00,801.75,802.45,801.75,802.0,2276264
2022-04-11 15:10:00,802.0,802.6,802.0,802.15,2281789
2022-04-11 15:11:00,802.25,802.35,801.25,801.25,2287465
2022-04-11 15:12:00,801.35,801.6,801.0,801.2,2290612
2022-04-11 15:13:00,801.2,801.5,800.8,801.0,2297383
2022-04-11 15:14:00,801.3,801.3,800.75,801.0,2304213
2022-04-11 15:15:00,801.0,801.4,800.3,800.75,2328521
2022-04-11 15:16:00,800.9,801.2,800.5,801.2,2340451
2022-04-11 15:17:00,801.3,801.3,800.95,801.0,2347028
2022-04-11 15:18:00,801.0,801.55,800.55,801.05,2359450
2022-04-11 15:19:00,801.1,801.7,801.1,801.5,2369073
2022-04-11 15:20:00,801.5,802.7,801.15,802.05,2403390
2022-04-11 15:21:00,802.1,802.1,801.3,801.85,2412915
2022-04-11 15:22:00,802.3,802.8,801.95,802.0,2419281
2022-04-11 15:23:00,802.0,802.4,801.6,802.2,2427449
2022-04-11 15:24:00,802.4,802.8,802.2,802.7,2433904
2022-04-11 15:25:00,802.8,803.0,802.45,802.45,2442799
2022-04-11 15:26:00,802.45,802.5,801.1,801.3,2454860
2022-04-11 15:27:00,801.2,801.6,801.2,801.5,2462296
2022-04-11 15:28:00,801.5,801.6,800.5,800.95,2473517
2022-04-11 15:29:00,801.0,801.95,800.3,801.95,2481274
2022-04-12 09:15:00,801.1,801.4,797.0,799.9,35580
2022-04-12 09:16:00,799.9,799.9,795.0,797.05,64630
2022-04-12 09:17:00,796.95,797.35,795.0,795.0,84345
2022-04-12 09:18:00,795.6,795.6,792.45,794.25,121204
2022-04-12 09:19:00,794.25,794.65,793.2,794.0,140210
2022-04-12 09:20:00,794.45,794.6,793.3,793.4,162186
2022-04-12 09:21:00,793.75,793.75,791.75,792.0,188273
2022-04-12 09:22:00,792.0,793.0,792.0,792.55,195845
2022-04-12 09:23:00,792.7,793.15,792.35,792.35,210460
2022-04-12 09:24:00,792.35,792.8,791.5,791.75,237243
2022-04-12 09:25:00,791.75,792.0,789.4,791.9,288425
2022-04-12 09:26:00,792.0,792.0,791.0,791.9,297397
2022-04-12 09:27:00,791.9,791.95,791.15,791.7,306149
2022-04-12 09:28:00,791.15,792.6,791.1,792.55,326029
2022-04-12 09:29:00,792.55,792.55,792.0,792.4,335350
2022-04-12 09:30:00,792.1,792.1,790.05,790.5,349248
2022-04-12 09:31:00,790.4,791.0,789.5,789.5,373818
2022-04-12 09:32:00,789.85,789.85,786.35,786.4,411372
2022-04-12 09:33:00,786.4,787.8,785.85,785.85,442002
2022-04-12 09:34:00,785.5,785.7,783.45,784.95,484062
2022-04-12 09:35:00,784.85,785.7,784.6,785.55,498638
2022-04-12 09:36:00,785.6,785.8,784.0,784.5,517771
2022-04-12 09:37:00,784.5,785.8,784.3,785.25,526196
2022-04-12 09:38:00,785.3,786.4,785.1,786.2,532853
2022-04-12 09:39:00,786.0,786.6,785.0,786.05,546838
2022-04-12 09:40:00,786.05,786.2,783.5,783.5,570547
2022-04-12 09:41:00,783.75,784.55,783.2,784.35,583929
2022-04-12 09:42:00,784.25,785.95,784.0,785.6,593380
2022-04-12 09:43:00,785.9,786.2,784.1,784.2,617146
2022-04-12 09:44:00,784.5,785.35,784.05,785.0,624991
2022-04-12 09:45:00,785.35,785.35,784.0,784.45,640856
2022-04-12 09:46:00,784.45,785.35,784.3,784.5,654707
2022-04-12 09:47:00,785.2,785.7,784.5,785.35,660801
2022-04-12 09:48:00,785.35,786.5,785.0,786.25,668552
2022-04-12 09:49:00,786.25,786.95,786.1,786.95,677881
2022-04-12 09:50:00,786.75,786.9,785.8,786.9,688930
2022-04-12 09:51:00,786.55,786.9,785.1,785.1,697818
2022-04-12 09:52:00,785.85,786.0,785.5,785.75,706807
2022-04-12 09:53:00,786.0,788.3,785.95,787.2,728601
2022-04-12 09:54:00,787.2,787.2,785.6,786.5,735090
2022-04-12 09:55:00,786.9,787.45,786.5,787.0,743190
2022-04-12 09:56:00,786.85,787.05,786.2,786.5,751827
2022-04-12 09:57:00,786.5,787.0,785.6,786.3,761181
2022-04-12 09:58:00,786.7,787.5,786.3,787.4,764424
2022-04-12 09:59:00,787.4,787.9,787.2,787.6,770057
2022-04-12 10:00:00,787.15,787.6,786.0,786.5,777854
2022-04-12 10:01:00,786.6,786.6,785.15,785.6,786329
2022-04-12 10:02:00,785.85,786.7,785.5,786.0,791184
2022-04-12 10:03:00,785.85,786.0,784.0,786.0,819713
2022-04-12 10:04:00,786.0,786.0,784.9,785.35,824956
2022-04-12 10:05:00,785.3,785.6,784.4,784.5,832602
2022-04-12 10:06:00,784.5,784.8,784.3,784.5,839348
2022-04-12 10:07:00,784.3,784.6,782.25,782.3,884315
2022-04-12 10:08:00,782.7,784.1,782.1,784.1,894465
2022-04-12 10:09:00,784.1,784.9,782.6,784.7,905323
2022-04-12 10:10:00,784.05,785.95,784.05,785.95,911188
2022-04-12 10:11:00,785.95,786.15,785.15,786.15,916124
2022-04-12 10:12:00,786.05,786.5,786.0,786.3,920394
2022-04-12 10:13:00,786.3,786.35,785.05,785.2,933930
2022-04-12 10:14:00,785.3,785.6,784.85,785.4,948450
2022-04-12 10:15:00,785.2,785.35,782.55,783.2,969035
2022-04-12 10:16:00,783.2,783.4,781.95,783.0,986354
2022-04-12 10:17:00,782.85,783.8,781.2,781.45,1000971
2022-04-12 10:18:00,781.25,782.1,781.05,781.25,1010849
2022-04-12 10:19:00,781.75,782.45,781.2,781.2,1019362
2022-04-12 10:20:00,781.55,782.8,781.0,782.5,1036329
2022-04-12 10:21:00,782.5,782.9,782.5,782.85,1039463
2022-04-12 10:22:00,782.85,783.0,782.5,782.55,1042447
2022-04-12 10:23:00,782.7,783.0,782.6,783.0,1046179
2022-04-12 10:24:00,782.8,783.0,782.0,782.65,1051722
2022-04-12 10:25:00,782.55,783.35,782.5,782.55,1057558
2022-04-12 10:26:00,782.9,783.0,782.5,782.8,1059849
2022-04-12 10:27:00,782.8,783.0,782.5,782.65,1062667
2022-04-12 10:28:00,782.9,782.9,781.7,782.6,1072278
2022-04-12 10:29:00,782.5,783.3,782.05,783.3,1079925
2022-04-12 10:30:00,783.8,783.8,782.85,783.65,1084263
2022-04-12 10:31:00,783.7,784.9,783.4,784.35,1090012
2022-04-12 10:32:00,784.35,785.45,784.35,784.95,1097200
2022-04-12 10:33:00,785.4,785.4,784.9,785.05,1101870
2022-04-12 10:34:00,785.0,785.35,785.0,785.2,1106913
2022-04-12 10:35:00,785.2,785.35,785.1,785.1,1109620
2022-04-12 10:36:00,785.1,785.15,784.9,784.9,1113983
2022-04-12 10:37:00,785.0,785.0,784.75,784.85,1116225
2022-04-12 10:38:00,784.8,784.95,783.35,783.5,1121647
2022-04-12 10:39:00,783.5,783.95,783.35,783.55,1123824
2022-04-12 10:40:00,783.85,784.25,783.6,784.25,1126819
2022-04-12 10:41:00,784.35,784.7,784.3,784.5,1129431
2022-04-12 10:42:00,784.5,784.85,784.4,784.5,1134919
2022-04-12 10:43:00,784.5,784.8,784.5,784.8,1137040
2022-04-12 10:44:00,784.8,784.85,784.6,784.7,1138441
2022-04-12 10:45:00,784.85,784.85,784.4,784.45,1141052
2022-04-12 10:46:00,784.4,785.25,783.5,785.0,1180721
2022-04-12 10:47:00,784.85,784.85,783.5,784.35,1203427
2022-04-12 10:48:00,784.0,784.4,784.0,784.25,1204825
2022-04-12 10:49:00,784.05,784.3,784.05,784.25,1209175
2022-04-12 10:50:00,784.25,784.65,784.25,784.4,1212315
2022-04-12 10:51:00,784.65,784.65,784.1,784.45,1215319
2022-04-12 10:52:00,784.45,784.7,784.1,784.7,1217024
2022-04-12 10:53:00,784.7,785.0,784.25,784.45,1219736
2022-04-12 10:54:00,784.45,785.0,784.4,784.7,1221652
2022-04-12 10:55:00,784.7,784.95,784.65,784.7,1222675
2022-04-12 10:56:00,784.8,784.8,784.2,784.2,1227463
2022-04-12 10:57:00,784.5,784.7,784.1,784.3,1230690
2022-04-12 10:58:00,784.45,784.5,784.1,784.35,1234082
2022-04-12 10:59:00,784.35,785.0,784.35,785.0,1236977
2022-04-12 11:00:00,785.0,785.0,784.9,784.95,1238376
2022-04-12 11:01:00,784.85,785.0,784.85,784.9,1240390
2022-04-12 11:02:00,784.9,785.4,784.85,785.35,1243156
2022-04-12 11:03:00,785.35,785.35,784.8,785.0,1249270
2022-04-12 11:04:00,784.95,784.95,784.5,784.85,1251482
2022-04-12 11:05:00,784.65,784.85,784.4,784.8,1255184
2022-04-12 11:06:00,784.6,784.9,784.6,784.9,1256645
2022-04-12 11:07:00,784.8,785.0,784.55,784.7,1259636
2022-04-12 11:08:00,785.0,785.1,784.5,785.0,1262345
2022-04-12 11:09:00,785.1,785.1,784.5,785.0,1263781
2022-04-12 11:10:00,784.6,785.0,784.6,784.95,1266730
2022-04-12 11:11:00,784.8,785.0,784.5,784.7,1268246
2022-04-12 11:12:00,784.7,784.95,784.65,784.75,1269513
2022-04-12 11:13:00,784.8,785.2,784.7,785.1,1271357
2022-04-12 11:14:00,785.05,785.3,785.0,785.3,1273665
2022-04-12 11:15:00,785.3,785.85,784.2,785.85,1299913
2022-04-12 11:16:00,785.4,785.9,783.55,784.85,1343680
2022-04-12 11:17:00,785.05,785.05,783.2,783.6,1359580
2022-04-12 11:18:00,783.6,784.2,783.05,784.15,1362684
2022-04-12 11:19:00,784.0,784.7,784.0,784.5,1363975
2022-04-12 11:20:00,784.65,784.9,784.05,784.9,1364951
2022-04-12 11:21:00,784.9,784.95,784.4,784.75,1366230
2022-04-12 11:22:00,784.85,785.0,784.4,784.5,1367676
2022-04-12 11:23:00,784.45,785.0,784.4,785.0,1369481
2022-04-12 11:24:00,784.95,785.0,784.55,785.0,1370528
2022-04-12 11:25:00,784.8,785.0,784.8,785.0,1372070
2022-04-12 11:26:00,784.85,785.0,784.8,784.95,1373820
2022-04-12 11:27:00,784.8,785.5,784.8,785.45,1376735
2022-04-12 11:28:00,785.05,785.7,785.05,785.65,1379423
2022-04-12 11:29:00,785.6,786.05,785.2,786.0,1383794
2022-04-12 11:30:00,785.95,786.4,785.75,786.4,1387952
2022-04-12 11:31:00,786.35,786.5,786.1,786.3,1390258
2022-04-12 11:32:00,786.3,786.3,786.0,786.0,1391938
2022-04-12 11:33:00,786.0,786.25,785.35,785.8,1396477
2022-04-12 11:34:00,785.75,785.75,785.2,785.35,1397554
2022-04-12 11:35:00,785.45,785.75,785.15,785.2,1398821
2022-04-12 11:36:00,785.45,785.45,785.0,785.35,1401562
2022-04-12 11:37:00,785.35,785.35,785.0,785.0,1404125
2022-04-12 11:38:00,785.35,785.35,785.0,785.3,1405885
2022-04-12 11:39:00,785.3,786.0,785.3,785.9,1414262
2022-04-12 11:40:00,785.85,786.25,785.7,785.75,1418566
2022-04-12 11:41:00,785.95,786.2,785.65,786.2,1420546
2022-04-12 11:42:00,786.0,786.25,785.75,786.0,1421597
2022-04-12 11:43:00,786.2,786.2,785.55,785.55,1425046
2022-04-12 11:44:00,785.7,786.15,785.45,785.95,1427779
2022-04-12 11:45:00,785.9,786.0,785.55,785.6,1429582
2022-04-12 11:46:00,785.6,786.0,785.55,785.85,1431442
2022-04-12 11:47:00,785.95,786.0,785.2,785.2,1435053
2022-04-12 11:48:00,785.2,785.55,785.2,785.45,1437459
2022-04-12 11:49:00,785.6,785.9,785.2,785.9,1439626
2022-04-12 11:50:00,785.9,785.9,785.3,785.45,1440717
2022-04-12 11:51:00,785.55,785.85,785.3,785.35,1442530
2022-04-12 11:52:00,785.3,785.85,785.3,785.5,1443939
2022-04-12 11:53:00,785.75,785.75,785.35,785.65,1445062
2022-04-12 11:54:00,785.8,785.8,785.35,785.35,1446310
2022-04-12 11:55:00,785.4,785.85,785.35,785.5,1450408
2022-04-12 11:56:00,785.5,785.95,785.5,785.5,1452409
2022-04-12 11:57:00,785.7,785.85,785.3,785.3,1455481
2022-04-12 11:58:00,785.65,785.85,785.3,785.8,1456637
2022-04-12 11:59:00,785.6,785.8,785.5,785.6,1458297
2022-04-12 12:00:00,785.7,786.0,785.5,785.6,1460182
2022-04-12 12:01:00,785.95,786.0,785.4,785.5,1464164
2022-04-12 12:02:00,785.85,786.0,785.5,786.0,1465485
2022-04-12 12:03:00,786.0,786.0,785.55,786.0,1467442
2022-04-12 12:04:00,785.95,786.0,785.65,785.65,1469193
2022-04-12 12:05:00,785.65,785.95,785.5,785.95,1470609
2022-04-12 12:06:00,785.6,786.2,785.5,786.0,1473091
2022-04-12 12:07:00,786.05,787.5,786.0,787.4,1481971
2022-04-12 12:08:00,786.85,787.05,786.65,787.0,1486719
2022-04-12 12:09:00,787.0,787.3,786.95,787.1,1490815
2022-04-12 12:10:00,787.05,787.1,787.0,787.0,1496914
2022-04-12 12:11:00,786.85,787.0,786.65,787.0,1499643
2022-04-12 12:12:00,786.95,787.0,786.5,786.5,1502984
2022-04-12 12:13:00,786.5,787.0,786.5,786.95,1508267
2022-04-12 12:14:00,787.0,787.0,786.65,786.9,1510361
2022-04-12 12:15:00,787.0,787.5,786.95,787.05,1530015
2022-04-12 12:16:00,787.3,787.5,787.0,787.25,1533283
2022-04-12 12:17:00,787.2,787.95,787.0,787.9,1539301
2022-04-12 12:18:00,787.9,787.9,787.0,787.0,1544486
2022-04-12 12:19:00,787.1,787.3,786.55,786.7,1546813
2022-04-12 12:20:00,786.85,787.2,786.3,786.5,1550254
2022-04-12 12:21:00,786.5,786.9,786.4,786.9,1552303
2022-04-12 12:22:00,786.9,787.0,786.8,787.0,1553427
2022-04-12 12:23:00,787.0,787.0,786.1,786.1,1556377
2022-04-12 12:24:00,786.35,786.35,785.5,785.95,1560435
2022-04-12 12:25:00,785.95,785.95,785.05,785.45,1564318
2022-04-12 12:26:00,785.4,785.4,785.05,785.25,1566140
2022-04-12 12:27:00,785.1,785.75,785.1,785.75,1567491
2022-04-12 12:28:00,785.6,785.75,785.3,785.6,1568455
2022-04-12 12:29:00,785.3,785.7,785.15,785.7,1570779
2022-04-12 12:30:00,785.25,785.65,784.3,784.4,1588500
2022-04-12 12:31:00,784.35,784.8,784.3,784.35,1589832
2022-04-12 12:32:00,784.6,784.65,784.3,784.65,1591599
2022-04-12 12:33:00,784.7,784.7,784.0,784.0,1594877
2022-04-12 12:34:00,784.25,784.5,782.55,782.55,1615184
2022-04-12 12:35:00,782.6,783.45,781.7,783.0,1637972
2022-04-12 12:36:00,783.0,783.95,783.0,783.9,1639605
2022-04-12 12:37:00,783.9,783.95,783.25,783.25,1641321
2022-04-12 12:38:00,783.7,783.8,783.5,783.8,1642378
2022-04-12 12:39:00,783.75,784.05,783.6,784.0,1643997
2022-04-12 12:40:00,784.05,784.1,783.5,783.5,1646077
2022-04-12 12:41:00,783.5,784.05,783.5,783.9,1647627
2022-04-12 12:42:00,783.7,784.7,783.7,784.7,1652021
2022-04-12 12:43:00,784.55,784.75,784.2,784.5,1659184
2022-04-12 12:44:00,784.5,784.5,784.0,784.4,1660567
2022-04-12 12:45:00,784.05,784.5,784.05,784.4,1662186
2022-04-12 12:46:00,784.1,784.7,784.1,784.55,1663784
2022-04-12 12:47:00,784.25,784.55,784.1,784.5,1664544
2022-04-12 12:48:00,784.5,784.5,783.5,783.5,1672243
2022-04-12 12:49:00,783.9,784.05,783.25,783.65,1674961
2022-04-12 12:50:00,783.65,783.95,783.5,783.9,1679194
2022-04-12 12:51:00,783.9,783.95,783.6,783.85,1680196
2022-04-12 12:52:00,783.5,783.95,783.4,783.5,1686937
2022-04-12 12:53:00,783.85,783.95,783.6,783.9,1688739
2022-04-12 12:54:00,783.9,784.6,783.75,783.95,1692511
2022-04-12 12:55:00,783.95,784.65,783.95,784.3,1694271
2022-04-12 12:56:00,784.3,784.65,784.3,784.55,1695946
2022-04-12 12:57:00,784.6,784.9,784.45,784.9,1697132
2022-04-12 12:58:00,784.9,784.9,784.5,784.5,1698539
2022-04-12 12:59:00,784.8,784.9,784.5,784.7,1699377
2022-04-12 13:00:00,784.7,785.0,784.5,784.5,1700865
2022-04-12 13:01:00,784.8,784.8,784.0,784.1,1704490
2022-04-12 13:02:00,784.45,784.45,784.0,784.1,1705938
2022-04-12 13:03:00,784.1,784.4,784.0,784.35,1707513
2022-04-12 13:04:00,784.35,784.4,784.0,784.35,1708128
2022-04-12 13:05:00,784.1,785.0,784.0,784.0,1711116
2022-04-12 13:06:00,784.3,784.3,783.3,783.3,1714186
2022-04-12 13:07:00,783.6,784.0,783.4,783.8,1716004
2022-04-12 13:08:00,783.8,783.95,783.45,783.5,1717962
2022-04-12 13:09:00,783.5,783.5,783.05,783.25,1721686
2022-04-12 13:10:00,783.05,783.1,783.0,783.0,1725974
2022-04-12 13:11:00,783.1,783.5,782.75,783.05,1727995
2022-04-12 13:12:00,783.0,783.4,782.5,782.5,1732781
2022-04-12 13:13:00,782.6,782.95,782.1,782.3,1737673
2022-04-12 13:14:00,782.05,782.85,782.05,782.6,1742825
2022-04-12 13:15:00,782.25,782.5,781.65,782.0,1754275
2022-04-12 13:16:00,782.0,782.9,781.9,782.55,1758459
2022-04-12 13:17:00,782.85,782.85,782.05,782.6,1761541
2022-04-12 13:18:00,782.4,782.85,782.4,782.45,1763206
2022-04-12 13:19:00,782.8,782.9,781.7,781.7,1770695
2022-04-12 13:20:00,781.75,781.75,781.1,781.3,1781107
2022-04-12 13:21:00,781.3,781.95,781.1,781.8,1784999
2022-04-12 13:22:00,781.8,782.0,781.65,781.9,1787963
2022-04-12 13:23:00,781.8,782.35,781.15,781.3,1794208
2022-04-12 13:24:00,781.15,781.85,781.1,781.75,1799688
2022-04-12 13:25:00,781.5,782.15,781.3,782.1,1805274
2022-04-12 13:26:00,782.5,782.95,782.15,782.8,1807120
2022-04-12 13:27:00,782.85,782.85,782.25,782.25,1812278
2022-04-12 13:28:00,782.05,782.75,781.95,782.25,1815312
2022-04-12 13:29:00,782.3,782.3,781.1,781.3,1819558
2022-04-12 13:30:00,780.9,781.0,780.45,780.9,1843593
2022-04-12 13:31:00,781.0,781.0,780.0,780.1,1864226
2022-04-12 13:32:00,780.2,780.85,780.0,780.45,1903965
2022-04-12 13:33:00,780.45,780.75,779.45,779.45,1928403
2022-04-12 13:34:00,779.4,779.8,778.75,779.0,1939105
2022-04-12 13:35:00,779.2,779.45,778.8,779.45,1946830
2022-04-12 13:36:00,779.45,779.5,779.0,779.5,1953718
2022-04-12 13:37:00,779.5,779.5,779.05,779.5,1956965
2022-04-12 13:38:00,779.5,780.05,779.5,779.95,1961106
2022-04-12 13:39:00,779.95,780.15,779.55,780.0,1964023
2022-04-12 13:40:00,780.15,780.2,779.7,780.0,1966131
2022-04-12 13:41:00,780.0,780.5,779.9,780.45,1969161
2022-04-12 13:42:00,780.45,782.0,779.75,781.75,1982424
2022-04-12 13:43:00,781.8,781.8,780.4,780.65,1989301
2022-04-12 13:44:00,780.65,780.65,780.0,780.0,1994658
2022-04-12 13:45:00,780.0,780.4,780.0,780.1,1998728
2022-04-12 13:46:00,780.3,780.4,780.0,780.3,2001119
2022-04-12 13:47:00,780.05,780.35,780.0,780.15,2002745
2022-04-12 13:48:00,780.4,780.4,779.45,779.65,2011991
2022-04-12 13:49:00,779.75,779.75,776.85,778.6,2046862
2022-04-12 13:50:00,778.5,779.2,776.5,777.0,2083581
2022-04-12 13:51:00,777.7,777.8,776.6,776.75,2098913
2022-04-12 13:52:00,776.9,779.2,776.5,778.05,2115258
2022-04-12 13:53:00,778.25,779.35,777.8,779.25,2121785
2022-04-12 13:54:00,779.25,779.5,778.7,779.5,2129302
2022-04-12 13:55:00,779.45,779.5,779.0,779.4,2132764
2022-04-12 13:56:00,779.4,780.85,779.15,780.75,2142897
2022-04-12 13:57:00,780.75,781.0,780.55,780.9,2148110
2022-04-12 13:58:00,780.9,781.55,780.9,781.25,2155263
2022-04-12 13:59:00,781.25,781.45,780.75,781.4,2158794
2022-04-12 14:00:00,781.4,781.6,781.15,781.55,2162397
2022-04-12 14:01:00,781.65,782.35,781.3,782.0,2168170
2022-04-12 14:02:00,782.2,782.6,782.1,782.5,2171181
2022-04-12 14:03:00,782.5,782.95,782.35,782.7,2174356
2022-04-12 14:04:00,782.95,783.4,782.55,783.15,2182271
2022-04-12 14:05:00,783.1,783.5,783.1,783.5,2190661
2022-04-12 14:06:00,783.5,783.7,783.35,783.7,2202175
2022-04-12 14:07:00,783.7,783.9,783.1,783.5,2208203
2022-04-12 14:08:00,783.5,783.6,783.0,783.2,2210873
2022-04-12 14:09:00,783.35,783.45,783.1,783.3,2217671
2022-04-12 14:10:00,783.35,783.6,783.1,783.5,2224394
2022-04-12 14:11:00,783.9,785.0,783.9,784.55,2240970
2022-04-12 14:12:00,784.7,784.7,784.0,784.25,2247604
2022-04-12 14:13:00,784.4,784.8,784.1,784.75,2258082
2022-04-12 14:14:00,784.4,784.75,784.05,784.35,2261538
2022-04-12 14:15:00,784.35,784.9,784.25,784.5,2267434
2022-04-12 14:16:00,784.65,784.75,784.5,784.7,2269548
2022-04-12 14:17:00,784.65,784.9,784.5,784.6,2273983
2022-04-12 14:18:00,784.5,785.45,784.25,784.65,2286213
2022-04-12 14:19:00,785.0,785.0,784.25,784.25,2290070
2022-04-12 14:20:00,784.2,784.85,784.2,784.85,2294193
2022-04-12 14:21:00,784.9,784.95,784.25,784.5,2299317
2022-04-12 14:22:00,784.85,784.85,784.2,784.2,2302275
2022-04-12 14:23:00,784.35,784.95,784.3,784.35,2305259
2022-04-12 14:24:00,784.35,785.0,784.35,784.85,2308457
2022-04-12 14:25:00,784.8,785.4,784.7,785.0,2318381
2022-04-12 14:26:00,785.0,785.0,783.6,784.35,2327269
2022-04-12 14:27:00,783.8,784.5,783.8,784.3,2331247
2022-04-12 14:28:00,784.3,784.35,783.65,784.35,2335153
2022-04-12 14:29:00,784.25,784.75,784.1,784.1,2337561
2022-04-12 14:30:00,784.5,785.85,784.25,784.95,2350878
2022-04-12 14:31:00,785.05,785.45,784.6,784.75,2355187
2022-04-12 14:32:00,785.0,785.55,784.8,785.0,2360840
2022-04-12 14:33:00,785.0,785.0,784.65,784.95,2363017
2022-04-12 14:34:00,784.95,785.0,784.5,784.85,2365672
2022-04-12 14:35:00,784.5,784.85,784.25,784.75,2367949
2022-04-12 14:36:00,784.7,784.7,784.0,784.45,2371283
2022-04-12 14:37:00,784.4,785.5,784.25,784.55,2378397
2022-04-12 14:38:00,784.55,785.35,784.45,785.2,2380392
2022-04-12 14:39:00,785.2,785.2,785.0,785.2,2381803
2022-04-12 14:40:00,785.2,786.15,785.15,786.1,2393357
2022-04-12 14:41:00,786.2,786.4,785.4,785.5,2396823
2022-04-12 14:42:00,785.45,785.95,785.3,785.7,2401606
2022-04-12 14:43:00,785.9,786.0,785.55,785.9,2404934
2022-04-12 14:44:00,785.8,786.4,785.6,786.25,2409926
2022-04-12 14:45:00,786.0,786.3,785.3,785.5,2413641
2022-04-12 14:46:00,785.5,785.5,785.2,785.45,2416822
2022-04-12 14:47:00,785.4,785.4,784.35,784.75,2422381
2022-04-12 14:48:00,784.8,785.0,783.75,784.1,2428045
2022-04-12 14:49:00,783.75,784.5,783.4,784.4,2433611
2022-04-12 14:50:00,784.2,784.4,783.5,783.9,2437048
2022-04-12 14:51:00,783.9,784.5,783.8,784.5,2439821
2022-04-12 14:52:00,784.5,784.75,784.1,784.55,2443058
2022-04-12 14:53:00,784.15,784.7,784.1,784.5,2446645
2022-04-12 14:54:00,784.5,784.7,784.05,784.4,2449178
2022-04-12 14:55:00,784.4,784.45,784.0,784.0,2451453
2022-04-12 14:56:00,784.0,784.3,784.0,784.1,2454503
2022-04-12 14:57:00,784.45,784.7,784.1,784.7,2457977
2022-04-12 14:58:00,784.65,784.9,784.4,784.6,2461050
2022-04-12 14:59:00,784.6,785.0,784.6,784.8,2463606
2022-04-12 15:00:00,784.8,785.1,784.6,784.95,2470988
2022-04-12 15:01:00,784.75,785.0,784.75,784.9,2474896
2022-04-12 15:02:00,784.9,785.0,784.2,784.2,2478889
2022-04-12 15:03:00,784.2,784.5,784.0,784.15,2483871
2022-04-12 15:04:00,784.15,784.9,783.65,784.9,2493552
2022-04-12 15:05:00,784.85,784.9,784.3,784.3,2495932
2022-04-12 15:06:00,783.85,784.5,783.7,784.15,2500503
2022-04-12 15:07:00,784.3,784.3,783.45,783.75,2506548
2022-04-12 15:08:00,783.65,784.45,783.65,784.45,2517943
2022-04-12 15:09:00,784.15,784.45,783.8,783.8,2521409
2022-04-12 15:10:00,783.8,784.4,783.8,784.05,2524544
2022-04-12 15:11:00,784.05,784.3,783.55,783.95,2531195
2022-04-12 15:12:00,784.0,784.0,783.1,783.3,2538319
2022-04-12 15:13:00,783.6,783.6,783.15,783.25,2543393
2022-04-12 15:14:00,783.25,783.45,781.35,781.7,2567774
2022-04-12 15:15:00,782.0,783.4,781.9,783.1,2584848
2022-04-12 15:16:00,783.1,783.4,782.9,783.05,2591955
2022-04-12 15:17:00,783.05,783.35,783.05,783.2,2598832
2022-04-12 15:18:00,783.2,783.3,782.65,782.85,2614353
2022-04-12 15:19:00,782.7,783.2,782.65,783.2,2624201
2022-04-12 15:20:00,782.95,783.7,782.7,782.8,2651804
2022-04-12 15:21:00,782.85,783.85,782.85,783.85,2660798
2022-04-12 15:22:00,783.8,784.05,783.8,784.05,2666353
2022-04-12 15:23:00,784.1,784.6,784.1,784.5,2673735
2022-04-12 15:24:00,784.4,785.0,784.4,784.95,2688660
2022-04-12 15:25:00,784.95,785.0,784.9,784.9,2697396
2022-04-12 15:26:00,784.9,784.95,783.45,783.95,2713251
2022-04-12 15:27:00,783.95,784.0,783.5,784.0,2719686
2022-04-12 15:28:00,783.9,784.0,783.75,783.75,2727463
2022-04-12 15:29:00,783.7,783.9,783.0,783.8,2742054
2022-04-13 09:15:00,789.15,792.45,787.3,792.0,53303
2022-04-13 09:16:00,790.9,791.6,788.0,788.35,91223
2022-04-13 09:17:00,788.35,789.2,787.85,788.6,113055
2022-04-13 09:18:00,788.6,789.85,788.35,788.9,127385
2022-04-13 09:19:00,789.0,789.3,787.55,788.5,146628
2022-04-13 09:20:00,788.1,788.5,787.3,788.25,155971
2022-04-13 09:21:00,788.4,788.9,788.05,788.7,159870
2022-04-13 09:22:00,788.7,790.65,788.7,790.2,171206
2022-04-13 09:23:00,790.2,791.0,790.05,790.7,178893
2022-04-13 09:24:00,790.9,791.7,790.8,790.8,200058
2022-04-13 09:25:00,790.8,792.3,790.8,791.0,213788
2022-04-13 09:26:00,791.1,791.8,790.9,791.0,219135
2022-04-13 09:27:00,790.9,791.65,790.9,791.0,227356
2022-04-13 09:28:00,791.0,791.0,790.35,790.6,234926
2022-04-13 09:29:00,790.6,791.15,790.55,790.9,236717
2022-04-13 09:30:00,791.0,791.05,790.05,790.45,247162
2022-04-13 09:31:00,790.65,790.8,790.0,790.8,253271
2022-04-13 09:32:00,790.65,792.4,790.65,792.25,268433
2022-04-13 09:33:00,792.0,792.0,790.95,791.45,276946
2022-04-13 09:34:00,791.2,791.45,790.8,790.8,278857
2022-04-13 09:35:00,791.1,791.35,790.85,791.35,285041
2022-04-13 09:36:00,791.45,791.8,791.0,791.0,288801
2022-04-13 09:37:00,791.5,791.5,791.0,791.4,297853
2022-04-13 09:38:00,791.4,791.5,791.1,791.45,300558
2022-04-13 09:39:00,791.45,792.15,791.4,791.65,308463
2022-04-13 09:40:00,792.0,792.0,791.7,792.0,311373
2022-04-13 09:41:00,791.95,792.1,790.05,790.1,339810
2022-04-13 09:42:00,790.8,792.3,790.4,791.35,369839
2022-04-13 09:43:00,791.25,791.75,791.25,791.75,377124
2022-04-13 09:44:00,793.1,793.1,792.65,792.75,395818
2022-04-13 09:45:00,792.95,793.7,792.75,792.8,408961
2022-04-13 09:46:00,793.1,793.3,792.5,792.7,412123
2022-04-13 09:47:00,792.8,792.8,791.45,791.55,414828
2022-04-13 09:48:00,791.4,791.95,791.25,791.45,417205
2022-04-13 09:49:00,791.55,791.7,790.7,791.7,421180
2022-04-13 09:50:00,791.45,792.45,791.45,791.6,425762
2022-04-13 09:51:00,792.0,792.35,791.65,792.1,428168
2022-04-13 09:52:00,791.6,792.9,791.6,792.45,433424
2022-04-13 09:53:00,792.45,792.45,791.8,791.8,436402
2022-04-13 09:54:00,791.8,792.4,791.8,792.0,439877
2022-04-13 09:55:00,792.0,792.0,791.05,791.3,446002
2022-04-13 09:56:00,791.75,791.9,791.4,791.4,449363
2022-04-13 09:57:00,791.5,791.85,791.0,791.0,451701
2022-04-13 09:58:00,791.0,791.2,790.4,790.4,458035
2022-04-13 09:59:00,790.75,791.0,790.4,790.65,461437
2022-04-13 10:00:00,790.9,791.0,790.55,790.95,463109
2022-04-13 10:01:00,791.0,791.0,790.1,790.1,473980
2022-04-13 10:02:00,790.1,790.1,788.95,789.0,481501
2022-04-13 10:03:00,789.05,789.9,789.0,789.2,488708
2022-04-13 10:04:00,789.45,789.45,788.4,788.95,492960
2022-04-13 10:05:00,788.95,789.0,788.7,788.75,496268
2022-04-13 10:06:00,788.75,788.95,788.35,788.5,502090
2022-04-13 10:07:00,788.15,788.7,788.1,788.3,510150
2022-04-13 10:08:00,788.3,788.45,787.8,787.8,515638
2022-04-13 10:09:00,787.8,788.25,787.55,787.75,521830
2022-04-13 10:10:00,787.75,788.05,786.2,786.95,539117
2022-04-13 10:11:00,787.1,787.6,786.5,787.45,542043
2022-04-13 10:12:00,787.45,787.75,787.0,787.75,545731
2022-04-13 10:13:00,787.8,787.9,787.05,787.4,548703
2022-04-13 10:14:00,787.05,787.65,787.05,787.4,553413
2022-04-13 10:15:00,787.05,787.1,786.5,786.7,557290
2022-04-13 10:16:00,786.7,787.3,786.5,787.3,561017
2022-04-13 10:17:00,787.1,787.95,787.05,787.95,564261
2022-04-13 10:18:00,787.9,788.3,787.7,787.7,567895
2022-04-13 10:19:00,788.05,788.05,787.6,787.6,571300
2022-04-13 10:20:00,787.65,788.5,787.6,788.5,573125
2022-04-13 10:21:00,788.5,788.8,788.35,788.8,574702
2022-04-13 10:22:00,788.45,788.8,788.45,788.6,576634
2022-04-13 10:23:00,788.6,788.9,788.55,788.55,577392
2022-04-13 10:24:00,788.95,788.95,788.35,788.65,580761
2022-04-13 10:25:00,788.4,788.85,788.2,788.2,583458
2022-04-13 10:26:00,788.4,788.4,787.15,787.15,586436
2022-04-13 10:27:00,787.0,787.1,785.0,785.65,609273
2022-04-13 10:28:00,785.65,786.95,785.65,786.95,610831
2022-04-13 10:29:00,786.55,786.9,786.0,786.2,613429
2022-04-13 10:30:00,786.15,786.35,786.0,786.35,614787
2022-04-13 10:31:00,786.25,786.55,786.05,786.1,616336
2022-04-13 10:32:00,786.4,787.3,786.15,787.3,619061
2022-04-13 10:33:00,787.3,787.35,786.25,786.85,622976
2022-04-13 10:34:00,786.85,786.85,786.2,786.25,624773
2022-04-13 10:35:00,786.5,786.55,786.25,786.5,625750
2022-04-13 10:36:00,786.5,786.85,786.4,786.8,627531
2022-04-13 10:37:00,786.8,787.2,786.75,786.75,630408
2022-04-13 10:38:00,786.65,787.3,786.65,787.3,631366
2022-04-13 10:39:00,787.0,787.3,787.0,787.0,632222
2022-04-13 10:40:00,787.0,788.15,786.35,788.15,641257
2022-04-13 10:41:00,788.05,788.5,787.05,788.2,662118
2022-04-13 10:42:00,788.2,788.2,785.15,785.5,699672
2022-04-13 10:43:00,785.1,785.3,784.9,785.0,710274
2022-04-13 10:44:00,785.05,785.25,784.55,785.0,714576
2022-04-13 10:45:00,785.0,785.0,783.65,784.25,725212
2022-04-13 10:46:00,784.6,785.8,784.45,785.8,729067
2022-04-13 10:47:00,785.6,785.6,785.1,785.45,730213
2022-04-13 10:48:00,785.4,785.6,784.55,784.75,733946
2022-04-13 10:49:00,784.75,785.5,784.7,785.35,736958
2022-04-13 10:50:00,785.35,786.0,785.1,785.85,738405
2022-04-13 10:51:00,785.85,786.3,785.55,786.3,741405
2022-04-13 10:52:00,786.3,786.45,785.55,785.55,744182
2022-04-13 10:53:00,786.1,786.25,785.5,786.1,746845
2022-04-13 10:54:00,786.1,786.25,786.0,786.2,748841
2022-04-13 10:55:00,786.25,786.25,785.5,785.65,754467
2022-04-13 10:56:00,785.5,785.55,785.1,785.5,758130
2022-04-13 10:57:00,785.5,785.65,784.95,785.0,761219
2022-04-13 10:58:00,785.0,785.4,784.5,784.8,764630
2022-04-13 10:59:00,784.8,785.0,784.45,784.85,766405
2022-04-13 11:00:00,784.85,785.0,784.75,785.0,769749
2022-04-13 11:01:00,785.0,785.0,784.75,784.75,770586
2022-04-13 11:02:00,785.0,785.0,784.5,784.7,772503
2022-04-13 11:03:00,784.5,784.7,784.0,784.1,779031
2022-04-13 11:04:00,784.35,785.35,784.1,785.0,782224
2022-04-13 11:05:00,785.35,785.5,784.95,785.45,782890
2022-04-13 11:06:00,785.45,786.05,785.45,786.0,786181
2022-04-13 11:07:00,786.15,786.15,785.7,785.9,788195
2022-04-13 11:08:00,786.1,786.1,785.65,786.1,789294
2022-04-13 11:09:00,786.0,786.5,786.0,786.35,790799
2022-04-13 11:10:00,786.35,787.0,786.3,786.6,792562
2022-04-13 11:11:00,786.6,786.7,786.35,786.6,792953
2022-04-13 11:12:00,786.55,787.0,786.55,786.7,795545
2022-04-13 11:13:00,786.7,786.85,786.15,786.4,796606
2022-04-13 11:14:00,786.4,786.7,786.25,786.5,797366
2022-04-13 11:15:00,786.5,786.95,786.5,786.95,798259
2022-04-13 11:16:00,786.95,787.0,786.45,786.5,800073
2022-04-13 11:17:00,786.5,786.7,786.3,786.35,801200
2022-04-13 11:18:00,786.35,786.65,786.3,786.3,802338
2022-04-13 11:19:00,786.3,786.9,786.3,786.5,802814
2022-04-13 11:20:00,786.5,786.85,786.5,786.8,803889
2022-04-13 11:21:00,786.8,786.85,786.4,786.75,805985
2022-04-13 11:22:00,786.8,786.8,786.4,786.8,806209
2022-04-13 11:23:00,786.8,786.8,786.75,786.75,806908
2022-04-13 11:24:00,786.8,787.4,786.75,787.1,811377
2022-04-13 11:25:00,787.1,787.2,787.0,787.2,812373
2022-04-13 11:26:00,787.2,787.25,787.0,787.0,813219
2022-04-13 11:27:00,787.0,787.2,786.9,787.2,814371
2022-04-13 11:28:00,787.2,787.2,787.0,787.05,814627
2022-04-13 11:29:00,787.0,787.8,786.9,787.5,819447
2022-04-13 11:30:00,787.4,787.55,787.05,787.5,820214
2022-04-13 11:31:00,787.45,787.5,787.1,787.35,821715
2022-04-13 11:32:00,787.35,787.45,787.0,787.3,822720
2022-04-13 11:33:00,787.0,787.3,787.0,787.2,823255
2022-04-13 11:34:00,787.2,787.5,787.2,787.5,825321
2022-04-13 11:35:00,787.55,788.15,787.45,788.15,830770
2022-04-13 11:36:00,788.0,788.45,787.3,787.75,834111
2022-04-13 11:37:00,787.75,787.8,786.8,787.15,836419
2022-04-13 11:38:00,787.25,787.5,786.9,787.05,837029
2022-04-13 11:39:00,787.4,787.4,786.85,786.85,838484
2022-04-13 11:40:00,786.85,786.85,786.2,786.65,840162
2022-04-13 11:41:00,786.65,786.65,786.1,786.1,840637
2022-04-13 11:42:00,786.1,786.3,786.0,786.15,841901
2022-04-13 11:43:00,786.0,786.05,785.35,785.55,846105
2022-04-13 11:44:00,785.55,785.8,785.3,785.3,847147
2022-04-13 11:45:00,785.8,785.8,784.3,784.3,864294
2022-04-13 11:46:00,784.5,785.0,784.4,784.4,869240
2022-04-13 11:47:00,784.75,784.85,784.4,784.5,871428
2022-04-13 11:48:00,784.5,784.85,784.1,784.55,872759
2022-04-13 11:49:00,784.5,785.35,784.5,785.0,874287
2022-04-13 11:50:00,785.0,785.6,785.0,785.0,875718
2022-04-13 11:51:00,785.0,785.7,784.5,784.5,882227
2022-04-13 11:52:00,785.3,785.6,785.3,785.55,884566
2022-04-13 11:53:00,785.55,785.8,785.35,785.8,884863
2022-04-13 11:54:00,785.8,785.8,785.25,785.8,886458
2022-04-13 11:55:00,785.8,785.8,785.25,785.65,886929
2022-04-13 11:56:00,785.7,785.7,785.5,785.6,887553
2022-04-13 11:57:00,785.6,785.7,785.4,785.65,887888
2022-04-13 11:58:00,785.7,785.95,785.7,785.7,889249
2022-04-13 11:59:00,785.7,786.0,785.65,785.85,890129
2022-04-13 12:00:00,786.0,786.3,785.85,786.2,890755
2022-04-13 12:01:00,786.2,786.35,785.85,786.1,891328
2022-04-13 12:02:00,786.1,786.25,785.5,785.5,892278
2022-04-13 12:03:00,785.5,785.9,785.25,785.8,893035
2022-04-13 12:04:00,785.8,785.95,785.35,785.4,893892
2022-04-13 12:05:00,785.4,785.55,784.35,784.35,904685
2022-04-13 12:06:00,784.5,784.5,784.2,784.5,905956
2022-04-13 12:07:00,784.25,785.0,784.2,785.0,907660
2022-04-13 12:08:00,784.8,785.2,784.6,784.7,909128
2022-04-13 12:09:00,784.7,784.7,784.25,784.45,910377
2022-04-13 12:10:00,784.8,785.0,784.5,785.0,910949
2022-04-13 12:11:00,785.0,785.3,784.55,785.0,912251
2022-04-13 12:12:00,785.0,785.0,784.55,784.55,915014
2022-04-13 12:13:00,784.55,784.9,784.55,784.65,915361
2022-04-13 12:14:00,784.65,784.9,784.2,784.3,918705
2022-04-13 12:15:00,784.1,784.3,784.05,784.25,920248
2022-04-13 12:16:00,784.25,784.3,784.05,784.3,921421
2022-04-13 12:17:00,784.25,784.65,784.2,784.55,923385
2022-04-13 12:18:00,784.55,784.55,783.1,783.1,933662
2022-04-13 12:19:00,783.35,783.4,783.0,783.3,937127
2022-04-13 12:20:00,783.3,783.9,783.25,783.55,940247
2022-04-13 12:21:00,783.55,783.55,782.55,782.95,947147
2022-04-13 12:22:00,782.95,783.25,782.85,783.0,948341
2022-04-13 12:23:00,783.2,783.25,782.85,783.0,949148
2022-04-13 12:24:00,783.3,783.3,782.7,783.3,951456
2022-04-13 12:25:00,783.3,783.3,783.0,783.1,952289
2022-04-13 12:26:00,783.1,783.15,782.8,783.1,954640
2022-04-13 12:27:00,782.95,783.0,782.55,782.6,958051
2022-04-13 12:28:00,782.55,782.9,782.5,782.7,959583
2022-04-13 12:29:00,782.7,783.0,782.6,782.6,961289
2022-04-13 12:30:00,782.65,782.95,782.0,782.4,966254
2022-04-13 12:31:00,782.0,783.0,782.0,783.0,969561
2022-04-13 12:32:00,783.3,783.7,783.05,783.4,971919
2022-04-13 12:33:00,783.65,784.0,783.3,784.0,973606
2022-04-13 12:34:00,783.7,784.0,783.55,783.7,975671
2022-04-13 12:35:00,783.5,783.75,783.2,783.7,976889
2022-04-13 12:36:00,783.65,784.0,783.35,783.7,978008
2022-04-13 12:37:00,783.3,783.8,783.3,783.8,979306
2022-04-13 12:38:00,783.8,783.95,783.3,783.95,981433
2022-04-13 12:39:00,783.9,783.9,783.4,783.5,982643
2022-04-13 12:40:00,783.4,783.8,783.25,783.65,983875
2022-04-13 12:41:00,783.65,783.65,783.15,783.65,984790
2022-04-13 12:42:00,783.35,783.95,783.2,783.5,985922
2022-04-13 12:43:00,783.2,783.7,783.2,783.4,987376
2022-04-13 12:44:00,783.4,783.7,783.25,783.4,988484
2022-04-13 12:45:00,783.35,783.55,783.3,783.4,989665
2022-04-13 12:46:00,783.3,783.5,783.05,783.4,991504
2022-04-13 12:47:00,783.4,783.9,783.25,783.9,993226
2022-04-13 12:48:00,783.9,784.0,783.6,783.9,994136
2022-04-13 12:49:00,783.9,784.0,783.75,783.75,994782
2022-04-13 12:50:00,783.7,783.7,783.05,783.6,995743
2022-04-13 12:51:00,783.6,784.15,783.3,783.7,999576
2022-04-13 12:52:00,783.7,784.15,783.5,783.55,1000847
2022-04-13 12:53:00,783.5,783.5,782.7,782.95,1006008
2022-04-13 12:54:00,782.6,782.8,782.55,782.6,1007683
2022-04-13 12:55:00,782.6,782.9,782.3,782.45,1010253
2022-04-13 12:56:00,782.45,783.65,782.45,783.4,1012375
2022-04-13 12:57:00,783.8,783.9,783.1,783.85,1013125
2022-04-13 12:58:00,783.85,783.95,783.35,783.75,1014249
2022-04-13 12:59:00,783.75,783.95,783.5,783.75,1014971
2022-04-13 13:00:00,783.75,783.95,783.3,783.95,1015570
2022-04-13 13:01:00,783.95,784.0,783.65,783.85,1016450
2022-04-13 13:02:00,783.85,784.0,783.75,783.75,1017051
2022-04-13 13:03:00,783.75,783.9,782.85,782.9,1019743
2022-04-13 13:04:00,783.25,783.35,782.5,783.05,1022075
2022-04-13 13:05:00,783.05,783.5,782.65,783.5,1023533
2022-04-13 13:06:00,783.5,783.5,783.05,783.1,1023931
2022-04-13 13:07:00,783.3,783.5,783.1,783.35,1024636
2022-04-13 13:08:00,783.35,784.4,783.35,784.4,1027232
2022-04-13 13:09:00,783.9,784.55,783.85,784.45,1028435
2022-04-13 13:10:00,784.45,784.55,784.0,784.3,1030125
2022-04-13 13:11:00,784.3,784.8,784.25,784.8,1031569
2022-04-13 13:12:00,784.8,785.0,784.55,784.8,1036188
2022-04-13 13:13:00,784.8,785.0,784.5,784.5,1038354
2022-04-13 13:14:00,784.5,784.9,784.45,784.9,1038922
2022-04-13 13:15:00,784.9,785.65,784.9,785.15,1042735
2022-04-13 13:16:00,785.5,785.6,785.15,785.45,1043802
2022-04-13 13:17:00,785.45,785.45,785.0,785.0,1044834
2022-04-13 13:18:00,785.25,785.45,785.0,785.4,1045736
2022-04-13 13:19:00,785.4,785.4,785.1,785.15,1046219
2022-04-13 13:20:00,785.15,785.4,784.8,785.4,1048385
2022-04-13 13:21:00,785.4,785.4,784.9,785.15,1049894
2022-04-13 13:22:00,785.0,785.3,784.6,784.65,1051305
2022-04-13 13:23:00,784.65,784.9,784.6,784.65,1052254
2022-04-13 13:24:00,784.85,784.9,784.5,784.9,1053124
2022-04-13 13:25:00,784.85,784.9,784.6,784.6,1053537
2022-04-13 13:26:00,784.7,784.7,784.3,784.55,1054073
2022-04-13 13:27:00,784.2,784.7,784.2,784.7,1054726
2022-04-13 13:28:00,784.4,784.55,784.35,784.35,1055303
2022-04-13 13:29:00,784.35,784.35,784.0,784.3,1057540
2022-04-13 13:30:00,784.3,784.3,783.8,784.05,1059033
2022-04-13 13:31:00,784.0,784.55,783.95,784.5,1060911
2022-04-13 13:32:00,784.4,784.85,784.4,784.85,1062670
2022-04-13 13:33:00,784.9,785.45,784.9,785.2,1064982
2022-04-13 13:34:00,785.2,785.2,784.05,784.25,1067216
2022-04-13 13:35:00,784.25,784.8,784.0,784.75,1068471
2022-04-13 13:36:00,784.75,784.8,784.2,784.75,1070281
2022-04-13 13:37:00,784.75,784.75,784.2,784.7,1072076
2022-04-13 13:38:00,784.7,784.8,784.5,784.7,1073733
2022-04-13 13:39:00,784.7,784.7,784.0,784.5,1074468
2022-04-13 13:40:00,784.5,784.8,784.4,784.5,1074592
2022-04-13 13:41:00,784.5,784.55,784.0,784.2,1076073
2022-04-13 13:42:00,784.25,784.4,783.3,783.75,1082597
2022-04-13 13:43:00,783.45,784.15,783.45,784.1,1084116
2022-04-13 13:44:00,784.1,785.0,784.1,785.0,1086924
2022-04-13 13:45:00,784.75,785.25,784.75,784.95,1087459
2022-04-13 13:46:00,784.95,785.0,784.05,784.45,1088457
2022-04-13 13:47:00,784.5,784.8,784.0,784.45,1089135
2022-04-13 13:48:00,784.45,784.5,784.0,784.4,1090714
2022-04-13 13:49:00,784.4,784.55,784.0,784.45,1092780
2022-04-13 13:50:00,784.45,784.45,783.5,783.5,1096148
2022-04-13 13:51:00,783.5,784.0,783.3,783.3,1098172
2022-04-13 13:52:00,783.7,783.8,783.35,783.7,1099920
2022-04-13 13:53:00,783.8,784.0,783.5,783.9,1102435
2022-04-13 13:54:00,783.95,784.4,783.5,784.4,1104155
2022-04-13 13:55:00,784.4,784.4,783.85,783.9,1104731
2022-04-13 13:56:00,783.9,783.9,783.6,783.9,1105363
2022-04-13 13:57:00,783.9,783.9,783.6,783.65,1106622
2022-04-13 13:58:00,783.65,784.1,783.6,784.0,1107619
2022-04-13 13:59:00,784.0,784.0,783.55,783.95,1109463
2022-04-13 14:00:00,783.95,783.95,783.25,783.8,1112905
2022-04-13 14:01:00,783.5,784.3,782.65,784.1,1125432
2022-04-13 14:02:00,784.7,784.7,784.25,784.6,1126454
2022-04-13 14:03:00,784.6,784.65,784.1,784.35,1127404
2022-04-13 14:04:00,784.35,784.35,784.25,784.35,1127755
2022-04-13 14:05:00,784.25,784.5,784.25,784.4,1129140
2022-04-13 14:06:00,784.4,784.4,783.95,784.05,1130889
2022-04-13 14:07:00,784.1,784.3,783.5,784.05,1133590
2022-04-13 14:08:00,784.05,784.65,784.0,784.0,1135830
2022-04-13 14:09:00,784.0,784.35,784.0,784.05,1136395
2022-04-13 14:10:00,784.05,784.4,784.05,784.3,1136889
2022-04-13 14:11:00,784.2,784.5,784.0,784.35,1137455
2022-04-13 14:12:00,784.5,784.65,784.3,784.5,1137849
2022-04-13 14:13:00,784.5,784.7,784.0,784.0,1140445
2022-04-13 14:14:00,784.25,784.65,783.55,784.6,1143036
2022-04-13 14:15:00,784.3,784.7,784.25,784.25,1147457
2022-04-13 14:16:00,784.55,785.0,784.2,784.85,1150012
2022-04-13 14:17:00,784.85,785.2,784.45,785.2,1155103
2022-04-13 14:18:00,785.2,785.45,784.9,785.0,1158037
2022-04-13 14:19:00,785.0,785.15,784.7,785.0,1158950
2022-04-13 14:20:00,785.0,785.15,784.6,785.15,1160120
2022-04-13 14:21:00,785.1,785.15,784.7,785.15,1161374
2022-04-13 14:22:00,785.0,785.15,784.75,784.75,1162170
2022-04-13 14:23:00,784.75,784.95,784.7,784.7,1162837
2022-04-13 14:24:00,784.7,785.0,784.15,784.15,1166278
2022-04-13 14:25:00,784.1,784.55,783.7,783.85,1167440
2022-04-13 14:26:00,784.25,784.25,783.1,783.6,1170803
2022-04-13 14:27:00,783.8,784.25,783.55,784.25,1172228
2022-04-13 14:28:00,784.25,784.25,783.85,784.2,1173014
2022-04-13 14:29:00,784.2,784.25,783.9,784.25,1173591
2022-04-13 14:30:00,784.4,784.85,784.3,784.85,1174889
2022-04-13 14:31:00,784.85,785.0,784.4,784.6,1176176
2022-04-13 14:32:00,784.6,784.85,784.25,784.25,1177830
2022-04-13 14:33:00,784.25,784.65,784.15,784.55,1178457
2022-04-13 14:34:00,784.55,784.55,783.85,784.0,1180663
2022-04-13 14:35:00,784.0,784.4,784.0,784.2,1180974
2022-04-13 14:36:00,784.2,784.55,784.1,784.55,1182486
2022-04-13 14:37:00,784.5,784.55,784.1,784.2,1183163
2022-04-13 14:38:00,784.5,784.55,784.0,784.0,1184919
2022-04-13 14:39:00,784.4,784.55,784.0,784.0,1187142
2022-04-13 14:40:00,784.45,784.45,783.85,784.05,1188227
2022-04-13 14:41:00,784.1,784.5,784.0,784.0,1189040
2022-04-13 14:42:00,784.0,784.8,784.0,784.5,1191028
2022-04-13 14:43:00,784.5,784.7,784.0,784.6,1192069
2022-04-13 14:44:00,784.15,784.65,784.15,784.5,1193612
2022-04-13 14:45:00,784.5,784.7,784.1,784.7,1195195
2022-04-13 14:46:00,784.55,784.75,784.55,784.65,1196767
2022-04-13 14:47:00,784.6,784.8,784.1,784.55,1197882
2022-04-13 14:48:00,784.55,784.8,784.35,784.5,1199041
2022-04-13 14:49:00,784.45,784.75,784.15,784.4,1200083
2022-04-13 14:50:00,784.5,784.75,784.4,784.4,1201184
2022-04-13 14:51:00,784.4,784.5,784.0,784.0,1204007
2022-04-13 14:52:00,784.1,784.45,784.0,784.0,1205149
2022-04-13 14:53:00,784.1,784.5,784.0,784.5,1206108
2022-04-13 14:54:00,784.5,784.5,783.5,783.95,1210035
2022-04-13 14:55:00,783.95,784.0,783.9,783.95,1211445
2022-04-13 14:56:00,783.95,784.0,783.2,783.75,1213281
2022-04-13 14:57:00,783.75,783.75,783.0,783.55,1216895
2022-04-13 14:58:00,783.55,783.6,783.0,783.05,1218972
2022-04-13 14:59:00,783.2,783.2,782.2,782.6,1226226
2022-04-13 15:00:00,782.5,782.75,782.2,782.2,1228849
2022-04-13 15:01:00,782.5,782.5,781.7,781.7,1238825
2022-04-13 15:02:00,781.7,781.75,781.2,781.5,1245309
2022-04-13 15:03:00,781.3,781.7,781.3,781.4,1249928
2022-04-13 15:04:00,781.4,782.25,781.05,782.25,1260209
2022-04-13 15:05:00,781.7,782.1,781.5,781.7,1264387
2022-04-13 15:06:00,781.7,781.7,781.2,781.3,1266388
2022-04-13 15:07:00,781.3,781.6,781.25,781.6,1269009
2022-04-13 15:08:00,781.35,781.55,781.05,781.1,1272910
2022-04-13 15:09:00,781.0,781.15,781.0,781.0,1281695
2022-04-13 15:10:00,781.25,781.25,780.7,780.75,1286191
2022-04-13 15:11:00,780.7,780.7,780.1,780.5,1295642
2022-04-13 15:12:00,780.7,780.7,780.3,780.3,1301626
2022-04-13 15:13:00,780.5,780.65,780.3,780.3,1306918
2022-04-13 15:14:00,780.3,780.65,780.15,780.35,1316472
2022-04-13 15:15:00,780.3,780.5,780.15,780.4,1327014
2022-04-13 15:16:00,780.3,780.6,780.1,780.2,1335752
2022-04-13 15:17:00,780.5,780.65,780.2,780.65,1343509
2022-04-13 15:18:00,780.5,780.6,780.0,780.1,1360117
2022-04-13 15:19:00,780.05,780.5,780.05,780.5,1365597
2022-04-13 15:20:00,780.5,780.8,779.0,779.0,1421966
2022-04-13 15:21:00,778.05,779.2,778.05,779.2,1440021
2022-04-13 15:22:00,779.5,780.3,779.5,780.0,1450248
2022-04-13 15:23:00,780.15,780.4,779.55,779.55,1457338
2022-04-13 15:24:00,779.6,780.35,779.6,780.35,1461446
2022-04-13 15:25:00,780.0,780.3,779.6,779.95,1467181
2022-04-13 15:26:00,779.55,779.9,779.55,779.9,1470077
2022-04-13 15:27:00,779.9,780.0,779.6,780.0,1480263
2022-04-13 15:28:00,780.0,780.0,779.6,779.8,1488747
2022-04-13 15:29:00,779.8,781.0,779.6,781.0,1499612
2022-04-13 15:30:00,781.0,781.0,781.0,781.0,1499625
2022-04-13 15:31:00,780.3,780.3,780.3,780.3,1499625
2022-04-13 15:58:00,780.3,780.3,780.3,780.3,1501647
